date_recolte,WT,Ligne,Position,code,Geno,poids_moy_1_fruit,poids_recolte,Nb_fruits_recoltes,poids_recoltes_avec_sol,Nb_fruits_recoltes_avec_sol
9/14/2018,WW,1,1,36,X0036,0.107,8.590,79.981,11.919,110.981
9/14/2018,WD,2,1,36,X0036,0.095,0.667,7.000,1.239,13.000
9/5/2018,WW,9,14,36,X0036,NA,,0.000,NA,1.000
9/5/2018,WD,10,14,36,X0036,0.190,,0.000,0.380,2.000
7/26/2018,WW,1,2,48,X0048,0.211,1.480,7.000,4.863,23.000
7/26/2018,WD,2,2,48,X0048,0.130,0.520,4.000,3.640,28.000
7/26/2018,WW,7,55,48,X0048,0.178,3.380,19.000,4.981,28.000
7/26/2018,WD,8,55,48,X0048,0.218,3.920,18.000,8.276,38.000
8/27/2018,WW,1,3,156,X0156,0.211,22.190,105.066,25.780,122.066
8/27/2018,WD,2,3,156,X0156,0.162,23.350,143.781,26.273,161.781
8/30/2018,WW,7,85,156,X0156,0.170,19.930,116.960,22.486,131.960
8/30/2018,WD,8,85,156,X0156,0.174,17.410,99.828,18.805,107.828
dd/mm/aaa,WW,1,4,337,X0337,0.224,19.900,88.919,22.809,101.919
9/11/2018,WD,2,4,337,X0337,0.216,13.620,63.000,16.430,76.000
dd/mm/aaa,WW,7,54,337,X0337,0.135,10.020,74.332,10.155,75.332
9/13/2018,WD,8,54,,X0337,0.182,21.170,116.064,31.749,174.064
dd/mm/aaa,WW,1,5,342,X0342,0.132,7.930,60.167,10.830,82.167
9/11/2018,WD,2,5,342,X0342,0.122,15.930,130.147,17.032,139.147
dd/mm/aaa,WW,5,83,342,X0342,0.130,7.580,58.488,9.654,74.488
9/12/2018,WD,6,83,342,X0342,0.090,13.200,146.993,14.547,161.993
9/7/2018,WW,1,6,344,X0344,0.098,18.500,188.776,20.460,208.776
9/7/2018,WD,2,6,344,X0344,0.105,21.470,205.258,22.516,215.258
9/20/2018,WW,9,45,344,X0344,0.116,20.810,180.017,24.278,210.017
9/20/2018,WD,10,45,344,X0344,0.100,21.070,209.861,21.472,213.861
8/1/2018,WW,1,7,352,X0352,0.155,0.310,2.000,0.310,2.000
8/1/2018,WD,2,7,352,X0352,0.203,5.070,25.000,5.678,28.000
8/1/2018,WW,7,29,352,X0352,NA,,0.000,0.000,0.000
8/1/2018,WD,8,29,352,X0352,0.143,0.740,5.182,1.882,13.182
9/7/2018,WW,1,8,380,X0380,NA,,0.000,0.000,0.000
9/11/2018,WD,2,8,380,X0380,0.109,1.090,10.000,2.616,24.000
9/26/2018,WW,7,59,380,X0380,0.104,5.520,52.975,6.562,62.975
9/26/2018,WD,8,59,380,X0380,0.093,9.990,106.959,12.232,130.959
10/8/2018,WW,1,9,395,X0395,0.147,4.840,33.000,5.573,38.000
10/8/2018,WD,2,9,395,X0395,0.180,24.310,134.906,26.833,148.906
9/26/2018,WW,9,64,395,X0395,0.148,7.620,51.486,8.064,54.486
9/26/2018,WD,10,64,395,X0395,0.105,14.040,133.460,14.671,139.460
9/7/2018,WD,2,10,404,X0404,0.124,47.210,379.502,50.693,407.502
9/26/2018,WW,7,41,404,X0404,0.134,25.660,191.493,27.134,202.493
9/26/2018,WD,8,41,404,X0404,0.114,17.310,151.842,19.020,166.842
8/14/2018,WW,1,11,421,X0421,0.120,3.610,30.000,4.091,34.000
8/14/2018,WD,2,11,421,X0421,0.146,27.180,186.676,34.023,233.676
8/14/2018,WW,9,24,421,X0421,0.140,21.050,150.143,29.883,213.143
8/14/2018,WD,10,24,421,X0421,0.143,4.850,34.000,11.697,82.000
9/7/2018,WW,1,12,468,X0468,0.140,6.030,43.000,6.731,48.000
9/7/2018,WD,2,12,468,X0468,0.098,20.940,213.673,23.390,238.673
9/19/2018,WW,7,82,468,X0468,0.097,0.097,1.000,0.195,2.000
9/19/2018,WD,8,82,468,X0468,0.103,15.130,146.893,16.675,161.893
7/26/2018,WW,1,13,522,X0522,0.119,8.520,71.838,17.771,149.838
7/26/2018,WD,2,13,522,X0522,0.120,6.100,50.966,14.478,120.966
7/26/2018,WW,7,65,522,X0522,0.125,6.160,49.359,13.773,110.359
7/26/2018,WD,8,65,522,X0522,0.094,4.790,51.000,10.425,111.000
8/27/2018,WW,1,14,585,X0585,0.145,14.020,97.000,17.200,119.000
8/27/2018,WD,2,14,585,X0585,0.118,42.210,358.929,43.268,367.929
8/28/2018,WW,5,72,585,X0585,0.127,28.620,224.647,31.168,244.647
8/28/2018,WD,6,72,585,X0585,0.187,2.990,16.000,2.990,16.000
8/27/2018,WW,1,15,591,X0591,0.164,8.740,53.293,8.740,53.293
8/30/2018,WW,7,67,591,X0591,0.184,4.410,24.000,4.410,24.000
8/30/2018,WD,8,67,591,X0591,NA,0.000,0.000,NA,5.000
9/7/2018,WW,1,16,599,X0599,0.125,14.070,112.380,24.462,195.380
9/7/2018,WD,2,16,599,X0599,0.127,5.060,40.000,8.476,67.000
9/19/2018,WW,7,53,599,X0599,0.124,9.320,74.920,20.516,164.920
9/19/2018,WD,8,53,599,X0599,0.126,20.560,163.175,22.450,178.175
9/7/2018,WD,2,17,600,X0600,0.140,37.690,269.214,41.190,294.214
9/19/2018,WW,5,92,600,X0600,0.172,29.490,171.254,33.278,193.254
9/19/2018,WD,6,92,600,X0600,0.127,33.990,268.483,34.876,275.483
8/27/2018,WW,1,18,640,X0640,0.148,7.410,50.000,9.188,62.000
8/27/2018,WD,2,18,640,X0640,0.165,1.810,11.000,2.962,18.000
7/26/2018,WW,5,79,640,X0640,0.120,4.090,34.000,4.331,36.000
7/26/2018,WD,6,79,640,X0640,0.126,5.050,40.000,6.313,50.000
9/7/2018,WW,1,19,666,X0666,0.157,11.510,73.219,12.453,79.219
9/7/2018,WD,2,19,666,X0666,0.186,16.170,87.029,17.099,92.029
9/26/2018,WW,9,75,666,X0666,0.155,22.820,147.607,29.932,193.607
9/26/2018,WD,10,75,666,X0666,0.157,9.590,60.928,11.794,74.928
9/7/2018,WW,1,20,667,X0667,0.345,10.350,30.000,14.835,43.000
9/7/2018,WD,2,20,667,X0667,0.355,4.970,14.000,10.295,29.000
9/6/2018,WW,9,78,667,X0667,0.297,14.860,50.000,16.940,57.000
9/6/2018,WD,10,78,667,X0667,0.270,21.700,80.311,23.321,86.311
9/7/2018,WW,1,21,695,X0695,0.139,9.350,67.363,11.432,82.363
9/7/2018,WD,2,21,695,X0695,0.141,3.800,27.000,4.222,30.000
9/19/2018,WW,7,48,695,X0695,0.115,0.920,8.000,1.035,9.000
9/3/2018,WD,8,48,695,X0695,0.122,4.920,40.461,7.352,60.461
10/1/2018,WW,1,22,700,X0700,0.276,2.980,10.781,2.980,10.781
10/1/2018,WD,2,22,700,X0700,0.536,5.790,10.794,13.300,24.794
9/13/2018,WW,7,12,700,X0700,0.142,13.880,97.884,15.298,107.884
9/13/2018,WD,8,12,700,X0700,0.132,15.850,120.258,16.641,126.258
10/1/2018,WW,1,23,710,X0710,0.140,22.010,157.665,23.825,170.665
10/1/2018,WD,2,23,710,X0710,0.105,23.910,228.149,24.120,230.149
9/20/2018,WW,9,35,710,X0710,0.114,25.800,226.714,29.214,256.714
9/20/2018,WD,10,35,710,X0710,0.113,24.030,213.032,25.158,223.032
9/7/2018,WW,1,24,778,X0778,0.075,15.080,200.532,17.336,230.532
9/7/2018,WD,2,24,778,X0778,0.105,3.690,35.000,4.744,45.000
9/6/2018,WW,9,77,778,X0778,0.064,21.450,336.207,25.150,394.207
9/6/2018,WD,10,77,778,X0778,0.078,1.490,19.000,2.431,31.000
9/7/2018,WW,1,25,849,X0849,0.143,16.610,116.154,20.328,142.154
9/7/2018,WD,2,25,849,X0849,0.128,10.000,78.125,10.384,81.125
8/28/2018,WW,5,71,849,X0849,0.144,28.980,200.693,29.991,207.693
8/30/2018,WW,5,48,898,X0898,0.132,34.740,262.387,38.712,292.387
8/28/2018,WW,5,74,898,X0898,0.129,33.420,259.876,36.121,280.876
8/30/2018,WD,6,48,898,X0898,0.097,19.890,205.901,22.885,236.901
8/28/2018,WD,6,74,898,X0898,0.114,3.080,27.000,5.818,51.000
9/7/2018,WW,1,26,942,X0942,0.104,14.870,143.256,17.361,167.256
9/7/2018,WD,2,26,942,X0942,0.093,33.950,365.054,35.252,379.054
9/12/2018,WW,5,50,942,X0942,0.112,17.380,155.179,23.988,214.179
9/12/2018,WD,6,50,942,X0942,0.133,9.860,74.359,11.716,88.359
9/11/2018,WW,1,27,960,X0960,0.158,3.950,25.000,4.740,30.000
9/11/2018,WD,2,27,960,X0960,0.208,12.000,57.582,14.501,69.582
8/28/2018,WW,5,96,960,X0960,0.154,17.820,115.415,17.820,115.415
8/28/2018,WD,6,96,960,X0960,0.166,13.100,78.726,14.431,86.726
9/7/2018,WW,1,28,968,X0968,0.142,12.650,89.336,12.933,91.336
9/7/2018,WD,2,28,968,X0968,0.155,12.680,81.596,14.234,91.596
9/5/2018,WW,9,22,968,X0968,0.183,27.290,148.963,29.855,162.963
9/5/2018,WD,10,22,968,X0968,0.148,17.710,119.501,20.229,136.501
9/12/2018,WW,1,29,972,X0972,0.129,1.163,9.000,1.679,13.000
9/7/2018,WD,2,29,972,X0972,0.170,16.190,95.235,22.820,134.235
9/13/2018,WW,7,7,972,X0972,0.183,53.530,292.194,62.140,339.194
9/13/2018,WD,8,7,972,X0972,0.151,46.540,307.398,51.385,339.398
10/25/2018,WW,1,30,1064,X1064,0.178,1.420,8.000,NA,11.000
10/25/2018,WD,2,30,1064,X1064,0.104,32.980,317.726,38.689,372.726
9/6/2018,WW,9,94,1064,X1064,0.094,11.480,122.128,13.078,139.128
9/7/2018,WW,1,31,1071,X1071,0.163,1.950,12.000,1.950,12.000
9/7/2018,WD,2,31,1071,X1071,0.200,15.780,78.743,16.181,80.743
9/20/2018,WW,9,12,1071,X1071,0.134,1.210,9.000,1.748,13.000
9/20/2018,WD,10,12,1071,X1071,0.215,5.590,26.000,7.525,35.000
10/25/2018,WW,1,32,1076,X1076,0.098,4.490,46.000,NA,61.000
10/25/2018,WD,2,32,1076,X1076,0.131,6.710,51.221,11.819,90.221
9/13/2018,WW,7,19,1076,X1076,0.101,16.440,162.130,17.758,175.130
9/13/2018,WD,8,19,1076,X1076,0.095,15.010,157.668,15.867,166.668
9/7/2018,WW,1,33,1077,X1077,0.090,1.080,12.000,1.350,15.000
9/7/2018,WD,2,33,1077,X1077,0.082,0.410,5.000,0.656,8.000
9/5/2018,WW,9,17,1077,X1077,0.092,2.020,22.000,5.234,57.000
9/5/2018,WD,10,17,1077,X1077,0.094,4.250,45.000,4.250,45.000
9/7/2018,WW,1,34,1095,X1095,0.117,27.000,229.983,34.631,294.983
9/7/2018,WD,2,34,1095,X1095,0.130,22.100,170.525,23.655,182.525
9/13/2018,WW,7,32,1095,X1095,0.141,2.540,18.000,6.068,43.000
9/13/2018,WD,8,32,1095,X1095,0.119,4.270,36.000,5.693,48.000
8/27/2018,WW,1,35,1176,X1176,0.124,0.620,5.000,0.744,6.000
8/27/2018,WD,2,35,1176,X1176,0.155,1.550,10.000,2.635,17.000
10/18/2018,WW,7,79,1176,X1176,na,0.000,0.000,0.000,0.000
10/18/2018,WD,8,79,1176,X1176,na,0.000,0.000,0.000,0.000
9/7/2018,WW,1,36,1180,X1180,0.093,5.620,60.430,5.806,62.430
9/7/2018,WD,2,36,1180,X1180,0.093,0.370,4.000,0.555,6.000
9/12/2018,WW,7,3,1180,X1180,0.090,31.750,352.778,41.650,462.778
9/12/2018,WD,8,3,1180,X1180,0.139,21.670,155.675,24.732,177.675
8/14/2018,WW,1,37,1186,X1186,0.133,10.680,80.543,14.658,110.543
8/14/2018,WD,2,37,1186,X1186,0.111,12.240,110.669,17.438,157.669
8/14/2018,WW,9,90,1186,X1186,0.116,10.970,94.732,12.475,107.732
8/14/2018,WD,10,90,1186,X1186,0.096,4.900,51.000,6.629,69.000
9/7/2018,WW,1,38,1206,X1206,0.177,34.070,192.486,39.734,224.486
9/7/2018,WD,2,38,1206,X1206,0.097,29.070,300.932,31.002,320.932
9/20/2018,WW,9,47,1206,X1206,0.164,27.460,167.643,33.193,202.643
9/20/2018,WD,10,47,1206,X1206,0.114,34.290,301.318,35.656,313.318
9/7/2018,WW,1,39,1212,X1212,0.125,2.250,18.000,4.125,33.000
9/7/2018,WD,2,39,1212,X1212,0.108,13.680,126.667,15.300,141.667
9/13/2018,WW,7,23,1212,X1212,0.104,16.760,161.776,19.143,184.776
9/13/2018,WD,8,23,1212,X1212,0.148,15.920,107.568,20.064,135.568
8/14/2018,WD,2,40,1225,X1225,0.139,13.560,97.414,26.923,193.414
8/14/2018,WW,9,4,1225,X1225,0.193,6.190,32.000,34.432,178.000
8/14/2018,WD,10,4,1225,X1225,0.178,4.810,27.000,18.171,102.000
7/26/2018,WW,7,37,1227,X1227,0.244,8.290,34.000,8.778,36.000
7/26/2018,WD,8,37,1227,X1227,0.220,12.360,56.080,13.903,63.080
8/27/2018,WW,1,42,1235,X1235,0.136,22.560,165.882,27.864,204.882
8/27/2018,WD,2,42,1235,X1235,0.102,26.750,262.770,31.331,307.770
8/30/2018,WW,7,84,1235,X1235,0.119,13.780,115.798,25.680,215.798
8/30/2018,WD,8,84,1235,X1235,0.089,15.340,172.748,16.050,180.748
8/1/2018,WW,9,11,1239,X1239,0.216,23.180,107.116,28.806,133.116
9/7/2018,WW,1,44,1269,X1269,0.143,9.710,68.093,9.853,69.093
9/7/2018,WD,2,44,1269,X1269,0.135,20.700,153.333,22.050,163.333
9/19/2018,WW,7,50,1269,X1269,0.119,3.340,28.000,3.698,31.000
9/19/2018,WD,8,50,1269,X1269,0.152,9.430,61.877,10.344,67.877
8/27/2018,WW,1,45,1301,X1301,0.108,0.650,6.000,1.300,12.000
8/27/2018,WD,2,45,1301,X1301,0.115,2.300,20.000,2.415,21.000
8/28/2018,WW,5,90,1301,X1301,0.110,21.640,197.086,27.240,248.086
8/28/2018,WD,6,90,1301,X1301,0.115,12.840,111.847,20.761,180.847
7/26/2018,WW,1,46,1307,X1307,0.106,19.010,180.019,20.805,197.019
7/26/2018,WD,2,46,1307,X1307,0.099,13.080,131.855,14.568,146.855
8/1/2018,WW,9,15,1307,X1307,0.162,9.970,61.543,24.064,148.543
8/1/2018,WD,10,15,1307,X1307,0.263,3.680,14.000,5.520,21.000
10/25/2018,WW,1,47,1314,X1314,0.070,5.370,76.278,6.919,98.278
10/25/2018,WD,2,47,1314,X1314,0.082,13.520,164.878,16.800,204.878
9/13/2018,WW,7,8,1314,X1314,0.072,14.980,208.635,17.708,246.635
9/13/2018,WD,8,8,1314,X1314,0.069,10.640,153.314,11.612,167.314
8/1/2018,WW,1,48,1344,X1344,0.128,4.480,35.000,5.504,43.000
8/1/2018,WD,2,48,1344,X1344,0.119,1.550,13.000,2.742,23.000
7/26/2018,WW,7,5,1344,X1344,0.136,12.500,91.912,14.812,108.912
7/26/2018,WD,8,5,1344,X1344,0.096,31.360,326.667,32.800,341.667
8/1/2018,WW,1,49,1363,X1363,0.136,5.420,40.000,7.046,52.000
8/1/2018,WW,7,33,1363,X1363,0.187,19.310,103.483,22.296,119.483
8/1/2018,WD,8,33,1363,X1363,0.180,10.910,60.679,11.989,66.679
9/7/2018,WW,1,50,1552,X1552,0.133,21.470,161.916,26.376,198.916
9/6/2018,WW,9,33,1552,X1552,0.130,20.610,158.052,22.436,172.052
9/6/2018,WD,10,33,1552,X1552,0.167,14.230,85.006,16.741,100.006
9/7/2018,WW,1,51,1556,X1556,0.139,9.980,71.695,11.094,79.695
9/7/2018,WD,2,51,1556,X1556,0.131,18.160,138.838,22.738,173.838
9/12/2018,WW,7,1,1556,X1556,0.159,24.550,154.792,33.590,211.792
9/12/2018,WD,8,1,1556,X1556,0.132,22.810,173.065,27.423,208.065
8/27/2018,WW,1,52,1560,X1560,0.176,20.400,115.646,22.870,129.646
8/27/2018,WD,2,52,1560,X1560,0.120,30.100,251.672,31.894,266.672
9/6/2018,WW,9,85,1560,X1560,0.167,32.160,193.037,33.826,203.037
9/6/2018,WD,10,85,1560,X1560,0.077,3.380,44.000,3.534,46.000
9/7/2018,WW,1,53,1618,X1618,NA,NA,NA,NA,NA
8/1/2018,WW,5,52,1618,X1618,0.242,11.370,47.000,13.789,57.000
7/26/2018,WD,6,52,1618,X1618,0.175,0.350,2.000,0.525,3.000
7/26/2018,WW,1,54,1646,X1646,0.192,6.330,33.000,9.207,48.000
7/26/2018,WD,2,54,1646,X1646,0.241,4.340,18.000,6.992,29.000
7/26/2018,WW,5,75,1646,X1646,0.171,11.590,67.937,23.020,134.937
7/26/2018,WD,6,75,1646,X1646,0.135,8.370,61.908,20.538,151.908
8/27/2018,WW,1,55,1682,X1682,0.120,12.900,107.143,15.428,128.143
8/27/2018,WD,2,55,1682,X1682,0.158,0.950,6.000,1.267,8.000
9/5/2018,WW,9,29,1682,X1682,0.143,7.100,49.790,14.658,102.790
9/5/2018,WD,10,29,1682,X1682,NA,,NA,NA,3.000
9/7/2018,WW,1,56,1705,X1705,0.116,23.400,201.031,23.866,205.031
9/7/2018,WD,2,56,1705,X1705,0.112,18.430,163.968,19.779,175.968
9/13/2018,WW,7,21,1705,X1705,0.139,29.500,211.621,32.567,233.621
9/13/2018,WD,8,21,1705,X1705,0.121,28.640,236.694,29.971,247.694
9/7/2018,WW,1,57,1846,X1846,0.088,6.550,74.772,7.163,81.772
9/7/2018,WD,2,57,1846,X1846,0.104,22.320,215.444,24.806,239.444
9/19/2018,WW,7,47,1846,X1846,0.170,19.800,116.197,23.378,137.197
9/19/2018,WD,8,47,1846,X1846,0.135,18.960,140.030,22.480,166.030
8/1/2018,WW,1,59,1853,X1853,0.231,6.240,27.000,7.627,33.000
8/1/2018,WD,2,59,1853,X1853,0.221,9.080,41.000,13.288,60.000
8/1/2018,WW,5,58,1853,X1853,0.233,10.660,45.790,11.126,47.790
8/1/2018,WD,6,58,1853,X1853,0.226,2.260,10.000,2.712,12.000
10/1/2018,WW,1,58,1894,X1894,0.124,1.360,11.000,2.225,18.000
9/11/2018,WD,2,58,1894,X1894,0.135,16.730,124.294,22.249,165.294
9/13/2018,WW,7,95,1894,X1894,0.151,1.965,13.000,5.895,39.000
9/13/2018,WD,8,95,1894,X1894,0.200,9.976,50.000,19.353,97.000
8/1/2018,WD,2,60,1960,X1960,0.133,8.950,67.192,12.813,96.192
7/26/2018,WW,5,88,1960,X1960,0.078,19.010,244.344,27.101,348.344
7/26/2018,WD,6,88,1960,X1960,0.121,10.560,87.129,14.317,118.129
8/14/2018,WW,1,61,1982,X1982,0.150,18.310,122.067,26.860,179.067
8/14/2018,WD,2,61,1982,X1982,0.126,13.390,106.439,22.573,179.439
9/5/2018,WW,9,37,1982,X1982,0.215,10.950,51.000,24.691,115.000
9/5/2018,WD,10,37,1982,X1982,0.246,6.890,28.000,16.241,66.000
8/27/2018,WW,1,62,2104,X2104,0.187,24.710,131.857,30.707,163.857
8/27/2018,WD,2,62,2104,X2104,0.169,9.950,58.806,12.996,76.806
8/30/2018,WW,7,16,2104,X2104,0.139,3.620,26.000,4.873,35.000
8/30/2018,WD,8,16,2104,X2104,0.188,4.140,22.000,5.081,27.000
8/27/2018,WW,1,63,2302,X2302,0.208,11.910,57.370,22.705,109.370
8/27/2018,WD,2,63,2302,X2302,0.170,26.930,158.412,32.880,193.412
8/30/2018,WW,7,27,2302,X2302,0.170,9.990,58.834,17.801,104.834
8/30/2018,WD,8,27,2302,X2302,0.242,3.630,15.000,10.890,45.000
9/7/2018,WD,2,64,2313,X2313,0.058,13.730,237.543,14.886,257.543
9/26/2018,WW,9,68,2313,X2313,0.104,2.900,28.000,3.004,29.000
9/26/2018,WD,10,68,2313,X2313,0.075,5.120,68.085,5.496,73.085
9/7/2018,WW,1,65,2316,X2316,0.080,25.310,316.375,26.670,333.375
9/11/2018,WD,2,65,2316,X2316,NA,0.000,0.000,0.000,0.000
9/13/2018,WW,7,25,2316,X2316,0.096,13.920,145.000,15.840,165.000
9/13/2018,WD,8,25,2316,X2316,0.070,9.460,135.530,10.298,147.530
9/7/2018,WW,1,66,2317,X2317,0.156,4.360,28.000,5.294,34.000
9/7/2018,WD,2,66,2317,X2317,0.123,4.660,38.000,4.660,38.000
9/6/2018,WW,9,76,2317,X2317,0.102,3.480,34.000,4.811,47.000
9/6/2018,WD,10,76,2317,X2317,0.107,1.390,13.000,1.497,14.000
8/27/2018,WW,1,67,2318,X2318,0.133,11.150,83.835,14.076,105.835
8/27/2018,WD,2,67,2318,X2318,0.094,16.250,172.140,17.383,184.140
9/13/2018,WW,7,20,2318,X2318,0.095,1.050,11.000,1.718,18.000
9/13/2018,WD,8,20,2318,X2318,0.083,32.490,392.391,34.974,422.391
8/27/2018,WW,1,68,2320,X2320,0.127,28.080,221.801,35.929,283.801
8/27/2018,WD,2,68,2320,X2320,0.194,26.370,135.648,28.508,146.648
8/30/2018,WW,7,26,2320,X2320,0.201,19.310,96.070,23.330,116.070
8/30/2018,WD,8,26,2320,X2320,0.183,14.980,81.947,16.077,87.947
9/7/2018,WW,1,69,2323,X2323,0.098,13.330,136.020,16.760,171.020
9/7/2018,WD,2,69,2323,X2323,0.105,14.330,136.737,15.902,151.737
9/6/2018,WW,9,66,2323,X2323,0.118,11.130,94.322,15.142,128.322
9/6/2018,WD,10,66,2323,X2323,0.101,13.280,132.008,14.588,145.008
9/11/2018,WW,1,70,2327,X2327,0.104,8.230,78.831,10.109,96.831
9/11/2018,WD,2,70,2327,X2327,0.046,4.930,106.250,5.394,116.250
9/26/2018,WW,7,56,2327,X2327,0.128,13.110,102.262,14.007,109.262
9/19/2018,WD,8,56,2327,X2327,0.090,7.880,87.751,8.509,94.751
9/7/2018,WW,1,71,2361,X2361,0.141,23.690,168.014,29.330,208.014
9/7/2018,WD,2,71,2361,X2361,0.121,27.520,226.689,31.769,261.689
9/13/2018,WW,7,6,2361,X2361,0.159,24.530,154.277,28.346,178.277
9/13/2018,WD,8,6,2361,X2361,0.137,18.190,132.968,22.978,167.968
9/26/2018,WW,1,72,2428,X2428,0.124,29.590,237.862,33.820,271.862
9/26/2018,WD,2,72,2428,X2428,0.083,33.100,398.795,34.843,419.795
9/20/2018,WW,9,26,2428,X2428,0.128,34.130,266.641,34.770,271.641
9/20/2018,WD,10,26,2428,X2428,0.165,3.620,22.000,4.772,29.000
8/27/2018,WW,1,73,2430,X2430,0.248,22.220,89.742,23.953,96.742
8/27/2018,WD,2,73,2430,X2430,0.195,19.950,102.518,19.950,102.518
8/30/2018,WW,7,81,2430,X2430,0.235,29.490,125.276,31.373,133.276
8/30/2018,WD,8,81,2430,X2430,0.180,28.460,157.936,29.721,164.936
8/1/2018,WW,1,74,2621,X2621,0.143,8.260,57.843,9.402,65.843
8/1/2018,WD,2,74,2621,X2621,0.136,12.860,94.282,15.588,114.282
8/1/2018,WW,5,73,2621,X2621,0.144,9.500,66.156,11.080,77.156
7/26/2018,WD,6,73,2621,X2621,0.094,16.070,171.688,16.257,173.688
8/27/2018,WW,1,75,2640,X2640,0.209,26.300,126.079,36.730,176.079
8/27/2018,WD,2,75,2640,X2640,0.251,12.290,49.000,19.062,76.000
8/30/2018,WW,7,86,2640,X2640,0.186,18.710,100.591,27.266,146.591
8/30/2018,WD,8,86,2640,X2640,0.147,18.250,124.150,23.836,162.150
7/26/2018,WW,1,76,2646,X2646,0.103,8.550,83.010,10.713,104.010
7/26/2018,WD,2,76,2646,X2646,0.116,2.890,25.000,10.173,88.000
7/26/2018,WW,9,69,2646,X2646,0.164,19.470,118.575,25.710,156.575
7/26/2018,WD,10,69,2646,X2646,0.157,12.370,78.690,21.959,139.690
9/11/2018,WW,1,77,2698,X2698,0.152,8.670,57.039,26.910,177.039
9/11/2018,WD,2,77,2698,X2698,0.166,5.140,31.000,18.073,109.000
9/6/2018,WW,9,92,2698,X2698,0.179,8.070,45.000,22.596,126.000
9/6/2018,WD,10,92,2698,X2698,0.131,2.220,17.000,2.612,20.000
8/27/2018,WW,1,78,2775,X2775,0.148,33.240,224.291,36.649,247.291
8/27/2018,WD,2,78,2775,X2775,0.133,24.680,185.007,26.948,202.007
9/6/2018,WW,9,87,2775,X2775,0.142,32.750,230.309,36.021,253.309
9/6/2018,WD,10,87,2775,X2775,NA,0.000,0.000,0.000,0.000
8/1/2018,WW,1,79,2783,X2783,0.144,5.170,36.000,8.904,62.000
8/1/2018,WD,2,79,2783,X2783,0.210,8.190,39.000,12.180,58.000
7/26/2018,WW,5,77,2783,X2783,0.127,1.140,9.000,1.773,14.000
7/26/2018,WD,6,77,2783,X2783,0.145,28.120,193.931,29.135,200.931
10/8/2018,WW,1,80,2949,X2949,0.146,31.590,216.667,33.048,226.667
10/8/2018,WD,2,80,2949,X2949,0.122,27.140,223.191,27.748,228.191
9/20/2018,WW,9,20,2949,X2949,0.129,11.670,90.747,14.242,110.747
9/20/2018,WD,10,20,2949,X2949,0.127,7.300,57.300,9.466,74.300
10/8/2018,WW,1,81,2953,X2953,0.164,17.840,108.913,22.754,138.913
10/8/2018,WD,2,81,2953,X2953,0.117,19.140,163.311,20.312,173.311
10/8/2018,WW,7,76,2953,X2953,0.126,12.650,100.079,14.672,116.079
10/8/2018,WD,8,76,2953,X2953,0.120,11.190,93.406,13.706,114.406
8/27/2018,WW,1,82,2998,X2998,0.166,17.520,105.415,19.016,114.415
8/27/2018,WD,2,82,2998,X2998,0.116,11.410,98.024,11.643,100.024
9/5/2018,WW,9,55,2998,X2998,0.180,13.920,77.506,14.818,82.506
9/5/2018,WD,10,55,2998,X2998,0.168,10.720,63.886,11.727,69.886
8/27/2018,WW,1,83,4004,X4004,0.181,4.710,26.000,5.797,32.000
8/27/2018,WD,2,83,4004,X4004,0.097,25.640,265.424,25.737,266.424
8/30/2018,WW,7,17,4004,X4004,0.072,25.150,350.279,28.237,393.279
8/30/2018,WD,8,17,4004,X4004,0.139,28.150,202.227,30.099,216.227
8/27/2018,WW,1,84,4442,X4442,0.089,14.070,157.735,19.333,216.735
8/27/2018,WD,2,84,4442,X4442,0.077,31.530,408.420,43.882,568.420
8/30/2018,WW,7,10,4442,X4442,0.170,0.850,5.000,1.700,10.000
8/30/2018,WD,8,10,4442,X4442,0.176,5.810,33.000,8.099,46.000
10/1/2018,WW,1,85,4616,X4616,0.105,19.800,188.571,23.055,219.571
10/1/2018,WD,2,85,4616,X4616,0.083,13.590,163.735,14.918,179.735
9/19/2018,WW,5,93,4616,X4616,0.129,17.770,137.326,19.582,151.326
9/19/2018,WD,6,93,4616,X4616,0.111,17.990,162.072,18.767,169.072
9/11/2018,WW,1,86,4664,X4664,0.189,7.930,42.000,9.629,51.000
9/11/2018,WD,2,86,4664,X4664,0.132,27.500,208.649,31.190,236.649
9/5/2018,WW,9,57,4664,X4664,0.241,15.360,63.629,22.361,92.629
9/5/2018,WD,10,57,4664,X4664,0.185,29.880,161.165,35.998,194.165
8/27/2018,WW,1,87,4681,X4681,0.271,4.340,16.000,18.174,67.000
8/27/2018,WD,2,87,4681,X4681,0.143,1.000,7.000,13.429,94.000
9/5/2018,WW,9,13,4681,X4681,NA,,0.000,NA,7.000
9/5/2018,WD,10,13,4681,X4681,0.120,0.960,8.000,2.280,19.000
9/11/2018,WW,1,88,4874,X4874,0.097,14.620,150.722,15.105,155.722
9/11/2018,WD,2,88,4874,X4874,0.068,5.970,88.053,6.445,95.053
9/19/2018,WW,7,69,4874,X4874,0.103,17.100,166.019,17.203,167.019
9/19/2018,WD,8,69,4874,X4874,0.097,28.860,298.758,29.053,300.758
9/11/2018,WW,1,89,4898,X4898,0.167,29.000,173.653,30.336,181.653
9/11/2018,WD,2,89,4898,X4898,0.146,21.280,145.953,27.549,188.953
9/13/2018,WW,7,31,4898,X4898,0.114,33.880,297.193,34.678,304.193
9/13/2018,WD,8,31,4898,X4898,0.146,7.160,49.000,8.329,57.000
9/26/2018,WW,1,90,4915,X4915,0.108,36.020,333.519,39.692,367.519
9/26/2018,WD,2,90,4915,X4915,0.078,45.300,577.806,45.535,580.806
9/13/2018,WW,7,14,4915,X4915,0.099,53.910,545.648,59.838,605.648
9/13/2018,WD,8,14,4915,X4915,0.096,52.070,543.528,54.561,569.528
10/1/2018,WW,1,91,4975,X4975,0.108,23.380,217.286,27.576,256.286
10/25/2018,WD,2,91,4975,X4975,0.067,11.440,171.257,13.778,206.257
9/6/2018,WW,9,91,4975,X4975,0.088,13.520,153.288,15.901,180.288
9/6/2018,WD,10,91,4975,X4975,0.098,7.560,76.829,7.855,79.829
10/25/2018,WW,1,92,6171,X6171,0.129,10.930,84.860,16.855,130.860
10/1/2018,WD,2,92,6171,X6171,0.110,30.570,278.923,35.173,320.923
9/26/2018,WW,9,74,6171,X6171,0.093,21.330,230.346,25.960,280.346
9/26/2018,WD,10,74,6171,X6171,0.147,9.760,66.485,12.109,82.485
9/11/2018,WW,1,93,6172,X6172,0.107,4.400,41.000,11.698,109.000
9/11/2018,WD,2,93,6172,X6172,0.073,3.860,53.000,5.754,79.000
9/12/2018,WW,5,59,6172,X6172,0.113,2.140,19.000,3.266,29.000
9/12/2018,WD,6,59,6172,X6172,0.082,4.770,58.456,8.850,108.456
9/11/2018,WW,1,94,6194,X6194,0.150,9.640,64.096,26.184,174.096
9/11/2018,WD,2,94,6194,X6194,0.094,13.530,144.551,22.516,240.551
9/19/2018,WW,7,88,6194,X6194,0.109,5.470,50.000,17.504,160.000
9/19/2018,WD,8,88,6194,X6194,0.139,1.940,14.000,5.266,38.000
8/27/2018,WW,1,95,6206,X6206,0.201,3.420,17.000,3.621,18.000
8/27/2018,WD,2,95,6206,X6206,0.182,21.810,119.967,22.355,122.967
9/5/2018,WW,9,59,6206,X6206,0.203,13.680,67.456,16.925,83.456
9/5/2018,WD,10,59,6206,X6206,0.196,14.230,72.751,18.924,96.751
8/27/2018,WW,1,96,6208,X6208,0.114,12.320,108.451,18.227,160.451
8/27/2018,WW,2,96,6208,X6208,0.167,25.320,151.254,36.703,219.254
8/28/2018,WW,5,51,6208,X6208,0.144,0.720,5.000,1.296,9.000
8/28/2018,WD,6,51,6208,X6208,0.040,0.040,1.000,NA,1.000
7/26/2018,WW,9,79,6354,X6354,0.184,27.180,147.397,30.130,163.397
7/26/2018,WD,10,79,6354,X6354,0.195,14.430,74.076,17.742,91.076
7/26/2018,WW,3,1,6468,X6468,0.105,4.110,39.000,12.646,120.000
7/26/2018,WD,4,1,6468,X6468,0.061,3.030,50.000,9.090,150.000
7/26/2018,WW,9,84,6468,X6468,0.089,5.470,61.599,12.663,142.599
7/26/2018,WD,10,84,6468,X6468,0.082,2.940,36.000,10.290,126.000
8/27/2018,WW,3,2,6471,X6471,0.066,3.160,48.000,4.213,64.000
8/27/2018,WD,4,2,6471,X6471,0.071,1.570,22.000,2.426,34.000
9/6/2018,WW,9,88,6471,X6471,0.071,11.740,166.289,17.176,243.289
9/6/2018,WD,10,88,6471,X6471,NA,0.000,0.000,0.000,0.000
9/12/2018,WW,3,4,6905,X6905,0.058,55.610,965.451,56.762,985.451
9/12/2018,WD,4,4,6905,X6905,NA,0.000,0.000,0.000,0.000
9/20/2018,WW,9,46,6905,X6905,0.074,30.840,419.022,32.386,440.022
8/27/2018,WW,3,5,6917,X6917,0.278,22.060,79.353,45.134,162.353
8/27/2018,WD,4,5,6917,X6917,0.222,19.320,86.871,37.112,166.871
9/5/2018,WW,9,7,6917,X6917,0.184,0.920,5.000,10.120,55.000
9/5/2018,WD,10,7,6917,X6917,0.225,5.180,23.000,27.026,120.000
8/14/2018,WW,3,6,6918,X6918,0.138,13.860,100.145,19.534,141.145
8/14/2018,WD,4,6,6918,X6918,0.105,16.090,152.947,20.824,197.947
8/30/2018,WW,7,64,6918,X6918,0.140,9.650,68.732,15.126,107.732
8/30/2018,WD,8,64,6918,X6918,0.148,9.770,66.192,13.017,88.192
8/27/2018,WW,3,7,6920,X6920,0.166,19.950,119.892,36.091,216.892
8/27/2018,WD,4,7,6920,X6920,0.134,16.040,119.345,25.717,191.345
8/28/2018,WW,5,78,6920,X6920,0.170,9.840,58.019,20.525,121.019
8/28/2018,WD,6,78,6920,X6920,0.138,10.930,79.203,25.558,185.203
8/14/2018,WW,3,8,7195,X7195,0.161,6.430,40.000,7.716,48.000
8/14/2018,WD,4,8,7195,X7195,0.156,25.790,165.746,34.192,219.746
9/5/2018,WW,9,56,7195,X7195,0.228,5.460,24.000,18.200,80.000
9/5/2018,WD,10,56,7195,X7195,0.149,7.170,48.000,15.236,102.000
7/26/2018,WW,3,9,7197,X7197,0.097,15.250,157.216,15.541,160.216
8/27/2018,WD,4,9,7197,X7197,0.120,0.120,1.000,0.360,3.000
9/5/2018,WW,9,54,7197,X7197,0.194,2.720,14.000,10.297,53.000
9/5/2018,WD,10,54,7197,X7197,0.240,4.080,17.000,6.480,27.000
8/14/2018,WW,3,10,7199,X7199,0.138,9.270,67.271,13.680,99.271
8/14/2018,WD,4,10,7199,X7199,0.144,6.200,43.000,9.084,63.000
8/14/2018,WW,7,58,7199,X7199,0.114,1.820,16.000,2.161,19.000
8/14/2018,WD,8,58,7199,X7199,0.142,4.690,33.000,10.517,74.000
7/26/2018,WW,3,11,7200,X7200,0.135,5.270,39.000,11.486,85.000
7/26/2018,WD,4,11,7200,X7200,0.143,5.560,39.000,9.267,65.000
7/26/2018,WW,7,90,7200,X7200,0.109,2.940,27.000,8.276,76.000
7/26/2018,WD,8,90,7200,X7200,0.219,3.070,14.000,7.894,36.000
9/11/2018,WW,3,12,7203,X7203,0.233,64.920,278.388,77.046,330.388
9/11/2018,WD,4,12,7203,X7203,0.174,39.400,226.437,43.402,249.437
9/6/2018,WW,9,32,7203,X7203,0.181,8.850,49.000,13.185,73.000
9/5/2018,WD,10,32,7203,X7203,NA,,0.000,0.000,0.000
8/30/2018,WW,3,13,7204,X7204,NA,,0.000,0.000,0.000
9/3/2018,WD,4,13,7204,X7204,0.152,12.980,85.620,15.709,103.620
8/28/2018,WW,5,81,7204,X7204,0.105,30.630,291.160,30.946,294.160
8/28/2018,WD,6,81,7204,X7204,0.152,2.880,19.000,3.789,25.000
8/27/2018,WW,3,14,7358,X7358,0.110,41.960,382.847,47.002,428.847
8/27/2018,WD,4,14,7358,X7358,0.090,21.200,236.080,23.445,261.080
8/28/2018,WW,5,91,7358,X7358,0.078,38.850,496.803,40.414,516.803
8/28/2018,WD,6,91,7358,X7358,0.072,31.430,437.744,34.230,476.744
9/11/2018,WW,3,15,7759,X7759,0.050,33.790,681.250,41.230,831.250
9/11/2018,WD,4,15,7759,X7759,0.080,13.140,164.662,29.100,364.662
9/6/2018,WW,9,65,7759,X7759,0.092,3.680,40.000,10.580,115.000
9/6/2018,WD,10,65,7759,X7759,0.152,0.910,6.000,2.578,17.000
9/11/2018,WW,3,16,8199,X8199,0.182,9.650,53.080,13.104,72.080
9/11/2018,WD,4,16,8199,X8199,0.187,5.620,30.000,7.119,38.000
9/6/2018,WW,9,39,8199,X8199,0.223,0.669,3.000,0.700,4.000
9/11/2018,WW,3,17,8200,X8200,0.101,13.160,129.783,15.999,157.783
9/11/2018,WD,4,17,8200,X8200,0.094,7.150,75.902,8.751,92.902
9/5/2018,WW,9,16,8200,X8200,0.095,15.740,166.385,18.483,195.385
9/5/2018,WD,10,16,8200,X8200,0.101,6.110,60.736,7.317,72.736
10/18/2018,WW,3,18,8201,X8201,na,0.000,0.000,0.000,0.000
10/18/2018,WD,4,18,8201,X8201,na,0.000,0.000,0.000,0.000
10/25/2018,WW,9,38,8201,X8201,0.060,3.940,65.449,5.866,97.449
9/24/2018,WD,10,38,8201,X8201,na,0.000,0.000,0.000,0.000
8/14/2018,WW,3,19,8202,X8202,0.133,2.130,16.000,4.393,33.000
8/14/2018,WD,4,19,8202,X8202,0.089,4.700,53.000,7.715,87.000
7/26/2018,WW,7,71,8202,X8202,0.090,9.110,100.998,12.447,137.998
7/26/2018,WD,8,71,8202,X8202,0.086,8.230,95.476,11.075,128.476
9/11/2018,WW,3,20,8203,X8203,0.077,21.340,275.711,25.520,329.711
9/11/2018,WD,4,20,8203,X8203,0.064,28.880,454.088,33.968,534.088
9/19/2018,WW,7,51,8203,X8203,0.081,17.650,217.365,30.642,377.365
9/19/2018,WD,8,51,8203,X8203,0.086,35.800,415.313,40.541,470.313
8/27/2018,WW,3,21,8209,X8209,0.125,34.470,274.880,36.476,290.880
8/27/2018,WD,4,21,8209,X8209,0.136,14.640,107.647,18.720,137.647
9/6/2018,WW,9,70,8209,X8209,0.181,8.520,47.000,9.245,51.000
9/6/2018,WD,10,70,8209,X8209,NA,0.000,0.000,0.000,0.000
8/27/2018,WW,3,22,8211,X8211,0.160,2.080,13.000,3.200,20.000
8/27/2018,WD,4,22,8211,X8211,0.124,11.660,94.032,14.512,117.032
9/5/2018,WW,9,58,8211,X8211,0.147,15.370,104.274,20.676,140.274
9/5/2018,WD,10,58,8211,X8211,0.161,4.180,26.000,5.788,36.000
8/27/2018,WW,3,23,8212,X8212,0.159,22.890,143.781,26.711,167.781
8/27/2018,WD,4,23,8212,X8212,0.144,10.100,70.236,11.538,80.236
9/19/2018,WW,7,75,8212,X8212,0.157,27.270,173.253,31.362,199.253
9/19/2018,WD,8,75,8212,X8212,0.144,4.740,33.000,5.458,38.000
8/27/2018,WW,3,24,8214,X8214,0.135,8.080,59.675,9.163,67.675
8/27/2018,WD,4,24,8214,X8214,0.136,11.330,83.555,12.008,88.555
9/13/2018,WW,7,34,8214,X8214,0.139,5.020,36.000,9.622,69.000
9/13/2018,WD,8,34,8214,X8214,0.157,11.610,73.855,14.440,91.855
8/27/2018,WW,3,25,8215,X8215,0.092,14.750,160.326,22.846,248.326
8/27/2018,WD,4,25,8215,X8215,0.099,13.060,132.454,19.370,196.454
9/5/2018,WW,9,8,8215,X8215,0.100,3.500,35.000,25.500,255.000
9/5/2018,WD,10,8,8215,X8215,0.102,6.850,67.157,11.440,112.157
8/1/2018,WW,3,26,8218,X8218,0.079,3.140,40.000,3.690,47.000
8/1/2018,WD,4,26,8218,X8218,0.099,3.450,35.000,4.830,49.000
8/1/2018,WW,5,80,8218,X8218,0.107,46.030,429.384,54.606,509.384
8/1/2018,WD,6,80,8218,X8218,0.113,15.640,138.163,20.055,177.163
10/1/2018,WW,3,27,8220,X8220,0.166,25.520,153.735,27.014,162.735
10/8/2018,WD,4,27,8220,X8220,0.176,13.100,74.347,14.510,82.347
9/20/2018,WW,9,5,8220,X8220,0.161,25.000,155.473,25.482,158.473
9/20/2018,WD,10,5,8220,X8220,0.131,12.370,94.572,12.370,94.572
8/27/2018,WW,3,28,8222,X8222,0.053,15.540,291.011,17.676,331.011
8/27/2018,WD,4,28,8222,X8222,0.055,15.820,285.560,21.360,385.560
9/5/2018,WW,9,53,8222,X8222,0.059,13.040,221.769,26.564,451.769
9/5/2018,WD,10,53,8222,X8222,0.051,6.420,125.882,10.602,207.882
8/30/2018,WW,3,29,8223,X8223,NA,,0.000,NA,1.000
8/27/2018,WD,4,29,8223,X8223,0.077,13.140,171.540,14.059,183.540
9/13/2018,WW,7,30,8223,X8223,0.095,4.770,50.000,6.773,71.000
9/13/2018,WD,8,30,8223,X8223,0.087,9.130,104.943,10.696,122.943
8/27/2018,WW,3,30,8224,X8224,0.090,8.530,94.778,16.630,184.778
8/27/2018,WD,4,30,8224,X8224,0.124,17.170,138.023,30.854,248.023
8/30/2018,WW,7,36,8224,X8224,0.131,5.110,39.000,19.523,149.000
8/30/2018,WD,8,36,8224,X8224,0.152,5.160,34.000,21.854,144.000
8/27/2018,WW,3,31,8226,X8226,0.131,36.520,278.354,38.882,296.354
8/27/2018,WD,4,31,8226,X8226,0.148,22.580,152.568,23.320,157.568
9/26/2018,WW,7,61,8226,X8226,0.171,30.970,181.323,32.166,188.323
9/19/2018,WD,8,61,8226,X8226,0.132,24.920,188.788,30.860,233.788
9/26/2018,WD,4,32,8227,X8227,0.193,5.030,26.000,14.897,77.000
9/13/2018,WW,7,22,8227,X8227,0.202,16.870,83.515,24.344,120.515
9/13/2018,WD,8,22,8227,X8227,0.138,17.150,123.916,19.226,138.916
8/27/2018,WW,3,33,8228,X8228,0.173,11.930,69.039,15.559,90.039
8/27/2018,WD,4,33,8228,X8228,0.156,10.700,68.737,12.412,79.737
9/20/2018,WW,9,31,8228,X8228,0.174,1.042,6.000,3.646,21.000
9/20/2018,WD,10,31,8228,X8228,0.448,5.820,13.000,13.878,31.000
8/27/2018,WW,3,34,8229,X8229,0.102,7.430,72.559,7.532,73.559
9/20/2018,WW,9,41,8229,X8229,0.116,19.140,165.285,19.951,172.285
9/20/2018,WD,10,41,8229,X8229,0.086,20.520,239.161,21.206,247.161
dd/mm/aaa,WW,3,35,8232,X8232,0.066,7.810,118.333,8.074,122.333
9/11/2018,WD,4,35,8232,X8232,0.051,28.930,562.840,30.369,590.840
dd/mm/aaa,WW,9,51,8232,X8232,0.081,9.490,116.585,9.734,119.585
9/26/2018,WD,10,51,8232,X8232,0.087,1.130,13.000,1.217,14.000
7/26/2018,WW,3,36,8233,X8233,0.107,2.770,26.000,4.262,40.000
7/26/2018,WD,4,36,8233,X8233,0.130,5.590,43.000,6.240,48.000
7/26/2018,WW,9,80,8233,X8233,0.124,5.590,45.000,12.050,97.000
7/26/2018,WD,10,80,8233,X8233,0.101,1.010,10.000,1.111,11.000
9/11/2018,WW,3,37,8236,X8236,0.145,22.230,152.889,27.028,185.889
9/11/2018,WD,4,37,8236,X8236,0.154,10.770,69.844,15.242,98.844
9/6/2018,WW,9,72,8236,X8236,0.133,32.470,243.769,35.134,263.769
9/6/2018,WD,10,72,8236,X8236,0.122,13.920,114.474,14.650,120.474
10/8/2018,WW,3,38,8237,X8237,0.070,9.960,141.477,10.946,155.477
8/28/2018,WD,4,38,8237,X8237,0.121,15.210,126.119,17.622,146.119
10/25/2018,WW,7,60,8237,X8237,0.066,13.530,203.765,17.846,268.765
10/25/2018,WD,8,60,8237,X8237,0.076,6.980,91.361,11.564,151.361
9/11/2018,WW,3,39,8238,X8238,0.134,36.870,275.561,41.954,313.561
9/11/2018,WD,4,39,8238,X8238,0.128,26.380,206.740,31.739,248.740
9/19/2018,WW,7,43,8238,X8238,0.178,24.690,138.708,27.538,154.708
9/19/2018,WD,8,43,8238,X8238,0.141,34.350,244.310,36.881,262.310
9/11/2018,WW,3,40,8239,X8239,0.165,16.100,97.340,19.408,117.340
9/11/2018,WD,4,40,8239,X8239,0.147,14.780,100.544,16.544,112.544
9/19/2018,WW,7,93,8239,X8239,0.178,20.350,114.326,26.224,147.326
9/19/2018,WD,8,93,8239,X8239,0.138,20.020,145.283,21.122,153.283
9/11/2018,WW,3,41,8242,X8242,0.100,9.870,98.503,13.076,130.503
9/11/2018,WD,4,41,8242,X8242,0.085,13.470,158.471,15.765,185.471
9/6/2018,WW,9,86,8242,X8242,0.109,21.110,193.315,24.168,221.315
9/6/2018,WD,10,86,8242,X8242,0.087,12.670,144.966,14.068,160.966
8/27/2018,WW,3,42,8244,X8244,0.126,11.680,92.698,13.696,108.698
8/27/2018,WD,4,42,8244,X8244,0.147,2.200,15.000,2.787,19.000
8/28/2018,WW,5,55,8244,X8244,0.139,5.960,43.000,7.623,55.000
8/28/2018,WD,6,55,8244,X8244,0.114,2.500,22.000,4.886,43.000
8/14/2018,WW,3,43,8245,X8245,0.092,4.510,49.000,21.077,229.000
8/14/2018,WD,4,43,8245,X8245,0.060,5.190,86.500,5.910,98.500
8/30/2018,WW,7,57,8245,X8245,0.100,4.590,46.000,16.564,166.000
8/30/2018,WD,8,57,8245,X8245,0.095,14.190,149.368,29.390,309.368
8/27/2018,WW,3,44,8246,X8246,0.094,25.300,268.008,25.772,273.008
8/27/2018,WD,4,44,8246,X8246,0.119,8.680,72.819,10.110,84.819
8/30/2018,WW,7,94,8246,X8246,0.108,12.690,117.066,13.991,129.066
8/30/2018,WD,8,94,8246,X8246,0.094,7.160,76.170,8.100,86.170
8/27/2018,WW,3,45,8247,X8247,0.290,0.290,1.000,0.870,3.000
8/30/2018,WD,4,45,8247,X8247,NA,,0.000,0.000,0.000
9/20/2018,WW,9,27,8247,X8247,0.115,0.461,4.000,0.691,6.000
9/20/2018,WD,10,27,8247,X8247,NA,,0.000,0.000,0.000
8/27/2018,WW,3,46,8249,X8249,0.157,2.510,16.000,2.510,16.000
8/27/2018,WD,4,46,8249,X8249,0.157,9.570,60.955,10.512,66.955
8/30/2018,WW,7,46,8249,X8249,0.160,0.160,1.000,0.160,1.000
9/3/2018,WD,8,46,8249,X8249,NA,0.000,0.000,0.000,0.000
8/27/2018,WW,3,47,8250,X8250,0.119,0.950,8.000,1.069,9.000
8/27/2018,WD,4,47,8250,X8250,0.110,2.410,22.000,3.286,30.000
9/12/2018,WW,5,56,8250,X8250,0.170,0.510,3.000,3.060,18.000
9/12/2018,WD,6,56,8250,X8250,0.150,1.350,9.000,3.450,23.000
9/11/2018,WW,3,48,8252,X8252,0.157,11.040,70.229,12.612,80.229
9/11/2018,WD,4,48,8252,X8252,0.110,27.650,251.821,29.187,265.821
9/12/2018,WW,5,68,8252,X8252,0.147,20.390,138.519,22.304,151.519
9/12/2018,WD,6,68,8252,X8252,0.156,20.660,132.436,21.908,140.436
9/26/2018,WW,3,49,8256,X8256,0.165,11.340,68.727,14.640,88.727
9/26/2018,WD,4,49,8256,X8256,0.134,17.750,132.859,19.754,147.859
9/19/2018,WW,7,83,8256,X8256,0.126,10.920,86.667,13.440,106.667
9/19/2018,WD,8,83,8256,X8256,0.102,24.200,238.189,26.232,258.189
9/11/2018,WW,3,50,8380,X8380,0.123,3.920,32.000,5.513,45.000
9/11/2018,WD,4,50,8380,X8380,0.115,10.160,88.348,13.725,119.348
9/12/2018,WW,5,67,8380,X8380,0.126,15.390,121.756,20.699,163.756
9/12/2018,WD,6,67,8380,X8380,0.113,5.080,45.000,7.338,65.000
9/11/2018,WW,3,51,8381,X8381,0.128,11.330,88.793,14.392,112.793
9/11/2018,WD,4,51,8381,X8381,0.118,12.370,104.476,14.146,119.476
9/26/2018,WW,9,52,8381,X8381,0.144,10.220,71.170,14.384,100.170
9/5/2018,WD,10,52,8381,X8381,0.140,15.150,107.906,16.975,120.906
8/27/2018,WW,3,52,8383,X8383,0.239,9.090,38.000,9.568,40.000
8/27/2018,WD,4,52,8383,X8383,0.233,18.250,78.393,18.716,80.393
9/6/2018,WW,9,63,8383,X8383,0.176,5.640,32.000,5.993,34.000
9/6/2018,WD,10,63,8383,X8383,na,0.000,0.000,na,2.000
9/11/2018,WW,3,53,8386,X8386,0.108,17.120,158.813,20.354,188.813
9/11/2018,WD,4,53,8386,X8386,0.091,26.170,288.216,28.894,318.216
9/5/2018,WW,9,2,8386,X8386,0.100,,1.000,1.200,12.000
9/5/2018,WD,10,2,8386,X8386,0.137,6.890,50.146,7.852,57.146
9/11/2018,WW,3,54,8388,X8388,0.131,16.860,128.311,24.218,184.311
9/11/2018,WD,4,54,8388,X8388,0.182,22.940,125.906,27.677,151.906
9/19/2018,WW,7,74,8388,X8388,0.123,6.130,49.756,15.124,122.756
9/26/2018,WD,8,74,8388,X8388,0.091,22.160,242.982,23.528,257.982
9/26/2018,WW,3,55,8389,X8389,0.094,29.720,316.170,34.890,371.170
9/26/2018,WD,4,55,8389,X8389,0.089,32.640,365.101,33.713,377.101
9/19/2018,WW,7,96,8389,X8389,0.079,29.360,373.537,35.255,448.537
9/19/2018,WD,8,96,8389,X8389,0.069,31.510,459.329,33.568,489.329
9/26/2018,WW,3,56,8390,X8390,0.142,6.980,49.000,8.120,57.000
9/20/2018,WW,9,42,8390,X8390,0.085,29.730,351.418,32.099,379.418
9/20/2018,WD,10,42,8390,X8390,0.067,11.060,166.066,11.659,175.066
8/14/2018,WW,3,57,8392,X8392,0.353,10.590,30.000,16.591,47.000
8/14/2018,WD,4,57,8392,X8392,0.299,14.660,49.000,17.951,60.000
8/30/2018,WW,7,35,8392,X8392,0.371,12.250,33.000,16.333,44.000
7/26/2018,WD,8,35,8392,X8392,0.299,10.170,34.000,11.067,37.000
9/26/2018,WW,3,58,8396,X8396,0.155,15.910,102.645,21.800,140.645
9/26/2018,WD,4,58,8396,X8396,0.151,12.800,84.656,20.662,136.656
9/20/2018,WW,9,21,8396,X8396,0.154,5.090,33.000,5.707,37.000
9/20/2018,WD,10,21,8396,X8396,0.173,6.750,39.000,9.173,53.000
8/27/2018,WW,3,59,8398,X8398,0.121,18.510,152.723,22.752,187.723
8/27/2018,WD,4,59,8398,X8398,0.086,15.500,181.075,20.636,241.075
9/12/2018,WW,7,2,8398,X8398,0.112,9.980,89.427,15.337,137.427
10/25/2018,WD,4,60,8404,X8404,0.101,1.420,14.000,NA,16.000
10/18/2018,WW,7,9,8404,X8404,NA,0.000,0.000,0.000,0.000
9/13/2018,WD,8,9,8404,X8404,0.071,12.630,177.388,16.404,230.388
8/27/2018,WW,3,61,8405,X8405,0.111,21.500,194.394,27.694,250.394
8/27/2018,WD,4,61,8405,X8405,0.066,26.410,398.943,30.117,454.943
9/5/2018,WW,9,30,8405,X8405,0.084,12.440,147.393,29.320,347.393
9/5/2018,WD,10,30,8405,X8405,0.105,18.020,170.968,23.079,218.968
8/28/2018,WW,3,62,8407,X8407,0.140,10.270,73.252,19.383,138.252
8/27/2018,WD,4,62,8407,X8407,0.140,14.590,104.214,20.190,144.214
9/5/2018,WW,9,36,8407,X8407,0.126,6.050,48.000,27.477,218.000
9/5/2018,WD,10,36,8407,X8407,0.127,6.210,49.000,18.250,144.000
9/26/2018,WW,3,63,8409,X8409,0.181,10.950,60.364,16.573,91.364
9/26/2018,WD,4,63,8409,X8409,0.167,11.840,71.068,13.339,80.068
9/19/2018,WW,7,92,8409,X8409,0.165,3.960,24.000,3.960,24.000
9/19/2018,WD,8,92,8409,X8409,0.120,20.260,168.272,21.584,179.272
9/11/2018,WW,3,64,8411,X8411,0.177,40.120,227.180,46.654,264.180
9/11/2018,WD,4,64,8411,X8411,0.170,10.340,60.967,11.188,65.967
9/20/2018,WW,9,10,8411,X8411,0.180,42.040,233.556,51.040,283.556
9/20/2018,WD,10,10,8411,X8411,0.168,30.960,183.848,34.665,205.848
9/11/2018,WW,3,65,8412,X8412,0.118,22.270,189.371,28.620,243.371
9/11/2018,WD,4,65,8412,X8412,0.105,20.970,200.478,25.468,243.478
9/19/2018,WW,7,72,8412,X8412,0.171,9.420,55.152,13.861,81.152
9/19/2018,WD,8,72,8412,X8412,0.116,8.280,71.256,11.185,96.256
8/28/2018,WW,3,66,8414,X8414,0.127,18.500,145.899,26.108,205.899
8/27/2018,WD,4,66,8414,X8414,0.112,10.230,91.339,19.190,171.339
9/6/2018,WW,9,95,8414,X8414,0.115,19.560,170.681,23.571,205.681
7/26/2018,WD,10,95,8414,X8414,0.095,10.760,113.742,11.233,118.742
8/28/2018,WW,3,67,8415,X8415,0.215,12.250,56.924,15.263,70.924
8/27/2018,WD,4,67,8415,X8415,0.134,17.130,127.455,18.743,139.455
9/12/2018,WW,7,4,8415,X8415,0.157,41.630,265.159,51.050,325.159
9/12/2018,WD,8,4,8415,X8415,0.141,34.470,244.815,40.102,284.815
7/26/2018,WW,3,68,8416,X8416,0.190,22.360,117.932,26.152,137.932
7/26/2018,WD,4,68,8416,X8416,0.112,22.570,201.518,29.066,259.518
7/26/2018,WW,9,97,8416,X8416,0.201,7.450,37.000,11.477,57.000
7/26/2018,WD,10,97,8416,X8416,0.195,12.550,64.425,17.420,89.425
10/8/2018,WW,3,69,8607,X8607,0.143,51.660,360.754,54.238,378.754
10/8/2018,WD,4,69,8607,X8607,0.133,30.820,231.034,32.954,247.034
9/26/2018,WW,9,73,8607,X8607,0.126,35.600,283.439,40.624,323.439
9/26/2018,WD,10,73,8607,X8607,0.124,22.690,183.279,25.042,202.279
8/27/2018,WD,4,70,8690,X8690,0.044,5.270,119.231,5.314,120.231
10/8/2018,WW,7,78,8690,X8690,0.125,7.860,63.082,9.355,75.082
9/19/2018,WD,8,78,8690,X8690,0.051,19.980,388.716,21.265,413.716
8/27/2018,WD,4,71,8691,X8691,0.045,9.310,208.744,9.310,208.744
9/12/2018,WW,5,66,8691,X8691,0.053,19.760,375.665,20.391,387.665
9/12/2018,WD,6,66,8691,X8691,0.053,11.370,212.921,11.637,217.921
9/11/2018,WW,3,72,8692,X8692,0.086,17.890,207.541,19.355,224.541
9/11/2018,WD,4,72,8692,X8692,0.070,16.930,242.550,18.466,264.550
9/20/2018,WW,9,23,8692,X8692,0.111,6.500,58.770,7.385,66.770
9/20/2018,WD,10,23,8692,X8692,0.081,5.180,64.327,5.502,68.327
10/1/2018,WW,3,73,8693,X8693,0.112,7.370,65.804,8.602,76.804
8/28/2018,WW,5,70,8693,X8693,0.100,0.300,3.000,0.300,3.000
8/28/2018,WD,6,70,8693,X8693,0.106,3.500,33.000,3.500,33.000
9/11/2018,WW,3,74,8694,X8694,0.091,4.440,49.000,7.430,82.000
9/5/2018,WW,9,40,8694,X8694,0.087,15.740,180.920,21.830,250.920
9/5/2018,WD,10,40,8694,X8694,0.113,6.490,57.535,9.423,83.535
7/26/2018,WW,3,75,8697,X8697,0.115,19.040,164.991,33.350,288.991
7/26/2018,WD,4,75,8697,X8697,0.089,5.710,64.447,12.798,144.447
8/1/2018,WW,7,40,8697,X8697,0.103,0.620,6.000,0.827,8.000
7/26/2018,WD,8,40,8697,X8697,0.104,3.850,37.000,11.030,106.000
8/30/2018,WW,3,76,8698,X8698,NA,,0.000,0.000,0.000
8/30/2018,WD,4,76,8698,X8698,NA,,0.000,0.000,0.000
8/28/2018,WW,5,76,8698,X8698,0.233,10.720,46.000,13.750,59.000
8/28/2018,WD,6,76,8698,X8698,0.206,20.290,98.400,24.208,117.400
9/11/2018,WW,3,77,8699,X8699,0.158,25.630,162.215,28.948,183.215
9/11/2018,WD,4,77,8699,X8699,0.129,24.890,192.946,27.857,215.946
8/30/2018,WW,7,63,8699,X8699,0.133,25.000,188.537,26.724,201.537
8/30/2018,WD,8,63,8699,X8699,0.124,22.830,184.410,23.944,193.410
10/8/2018,WW,3,78,8702,X8702,0.082,22.030,268.005,23.099,281.005
10/8/2018,WD,4,78,8702,X8702,0.082,19.380,237.500,21.746,266.500
10/8/2018,WW,7,68,8702,X8702,0.093,19.620,211.879,21.750,234.879
10/8/2018,WD,8,68,8702,X8702,0.044,7.390,168.721,8.573,195.721
9/11/2018,WW,3,79,8703,X8703,0.148,12.680,85.792,24.947,168.792
9/11/2018,WD,4,79,8703,X8703,0.120,5.780,48.000,16.136,134.000
9/12/2018,WW,5,60,8703,X8703,0.152,7.620,50.000,16.764,110.000
9/12/2018,WD,6,60,8703,X8703,0.117,3.270,28.000,10.861,93.000
8/28/2018,WW,3,80,8705,X8705,0.112,8.040,71.786,20.360,181.786
8/28/2018,WD,4,80,8705,X8705,0.088,3.850,44.000,10.500,120.000
9/6/2018,WW,9,62,8705,X8705,0.129,1.160,9.000,3.093,24.000
9/6/2018,WD,10,62,8705,X8705,0.116,2.200,19.000,6.253,54.000
9/11/2018,WW,3,81,8706,X8706,0.097,0.194,2.000,0.097,30.000
9/11/2018,WD,4,81,8706,X8706,0.173,33.560,193.541,36.508,210.541
9/20/2018,WW,9,25,8706,X8706,0.245,4.170,17.000,6.378,26.000
9/20/2018,WD,10,25,8706,X8706,0.098,0.392,4.000,3.039,31.000
8/14/2018,WW,3,82,8710,X8710,0.128,24.560,192.175,32.228,252.175
8/14/2018,WD,4,82,8710,X8710,0.190,12.390,65.142,15.814,83.142
7/26/2018,WW,7,80,8710,X8710,0.130,28.560,219.692,31.160,239.692
7/26/2018,WD,8,80,8710,X8710,0.085,22.760,266.511,23.614,276.511
10/1/2018,WD,4,83,8713,X8713,0.132,30.300,229.894,30.695,232.894
9/13/2018,WW,7,24,8713,X8713,0.217,14.380,66.390,15.463,71.390
9/13/2018,WD,8,24,8713,X8713,0.141,5.350,38.000,5.491,39.000
dd/mm/aaa,WW,3,84,8717,X8717,0.157,8.520,54.337,9.147,58.337
10/1/2018,WD,4,84,8717,X8717,0.090,8.910,98.562,12.526,138.562
dd/mm/aaa,WW,7,52,8717,X8717,0.097,1.650,17.000,1.650,17.000
9/26/2018,WD,8,52,8717,X8717,0.079,3.080,39.000,3.238,41.000
9/11/2018,WD,4,85,8718,X8718,0.179,23.660,132.327,24.733,138.327
8/30/2018,WW,7,77,8718,X8718,NA,,0.000,0.000,0.000
8/30/2018,WD,8,77,8718,X8718,0.158,0.790,5.000,0.790,5.000
8/28/2018,WW,3,86,8719,X8719,0.232,19.570,84.208,27.704,119.208
8/28/2018,WD,4,86,8719,X8719,0.201,20.790,103.330,21.796,108.330
8/14/2018,WW,7,44,8719,X8719,0.265,11.910,45.000,14.027,53.000
8/14/2018,WD,8,44,8719,X8719,0.188,10.170,54.000,11.677,62.000
9/11/2018,WW,3,87,8723,X8723,0.145,24.400,168.044,36.742,253.044
9/11/2018,WD,4,87,8723,X8723,0.085,37.760,443.192,45.428,533.192
9/6/2018,WW,9,67,8723,X8723,0.144,37.720,261.581,51.563,357.581
9/11/2018,WW,3,88,8724,X8724,0.172,32.000,185.615,32.517,188.615
9/11/2018,WD,4,88,8724,X8724,0.165,18.220,110.424,19.870,120.424
9/12/2018,WW,5,82,8724,X8724,0.159,17.760,111.698,18.078,113.698
9/12/2018,WD,6,82,8724,X8724,0.159,21.500,135.390,22.294,140.390
8/14/2018,WW,3,89,8726,X8726,0.205,17.120,83.431,42.770,208.431
8/14/2018,WD,4,89,8726,X8726,0.171,26.050,152.518,30.149,176.518
8/14/2018,WW,5,87,8726,X8726,0.195,10.330,53.000,24.948,128.000
8/14/2018,WD,6,87,8726,X8726,0.133,13.650,102.324,20.854,156.324
9/11/2018,WW,3,90,8732,X8732,0.118,11.840,100.509,12.547,106.509
9/11/2018,WD,4,90,8732,X8732,0.096,13.760,142.739,13.856,143.739
9/20/2018,WW,9,28,8732,X8732,0.143,20.590,143.986,22.306,155.986
9/20/2018,WD,10,28,8732,X8732,0.151,11.860,78.336,11.860,78.336
8/28/2018,WW,3,91,8734,X8734,0.147,25.630,174.829,41.756,284.829
8/28/2018,WD,4,91,8734,X8734,0.146,21.210,144.877,26.041,177.877
8/28/2018,WW,5,85,8734,X8734,0.130,30.440,234.515,42.771,329.515
8/28/2018,WD,6,85,8734,X8734,0.131,15.790,120.719,25.992,198.719
9/11/2018,WW,3,92,8735,X8735,0.077,21.970,285.325,29.208,379.325
9/11/2018,WD,4,92,8735,X8735,0.115,23.170,200.780,27.671,239.780
8/28/2018,WW,5,84,8735,X8735,0.084,26.340,313.571,30.876,367.571
8/28/2018,WD,6,84,8735,X8735,0.081,21.130,260.222,23.404,288.222
8/28/2018,WW,3,93,8737,X8737,0.126,1.010,8.000,1.136,9.000
8/30/2018,WD,4,93,8737,X8737,NA,,0.000,0.000,0.000
8/28/2018,WW,5,64,8737,X8737,0.122,2.320,19.000,2.564,21.000
8/28/2018,WD,6,64,8737,X8737,NA,0.000,0.000,0.000,0.000
9/11/2018,WW,3,94,8738,X8738,0.164,37.780,230.085,44.348,270.085
9/11/2018,WD,4,94,8738,X8738,0.158,29.730,188.642,34.300,217.642
8/28/2018,WW,5,57,8738,X8738,0.130,34.790,266.794,38.180,292.794
8/28/2018,WD,6,57,8738,X8738,0.112,23.340,208.393,24.796,221.393
9/11/2018,WW,3,95,8739,X8739,0.105,46.370,442.462,48.047,458.462
9/11/2018,WD,4,95,8739,X8739,0.102,23.950,234.344,24.768,242.344
9/26/2018,WW,7,66,8739,X8739,0.134,14.280,106.567,16.290,121.567
9/19/2018,WD,8,66,8739,X8739,0.091,32.380,354.267,34.482,377.267
9/11/2018,WW,3,96,8740,X8740,0.108,19.120,176.384,25.624,236.384
9/11/2018,WD,4,96,8740,X8740,0.104,16.530,158.637,19.969,191.637
9/5/2018,WW,9,9,8740,X8740,0.143,15.440,107.671,22.897,159.671
9/5/2018,WD,10,9,8740,X8740,0.144,9.900,68.942,10.762,74.942
8/28/2018,WW,3,97,8742,X8742,0.114,48.050,420.017,53.541,468.017
8/28/2018,WD,4,97,8742,X8742,0.101,35.550,352.679,38.574,382.679
9/6/2018,WW,9,96,8742,X8742,NA,0.000,0.000,0.000,0.000
9/6/2018,WD,10,96,8742,X8742,0.149,6.250,42.000,6.399,43.000
8/30/2018,WW,5,1,8743,X8743,0.136,40.220,296.608,44.424,327.608
8/30/2018,WD,6,1,8743,X8743,0.125,38.310,306.971,43.676,349.971
9/5/2018,WW,9,18,8743,X8743,0.118,11.810,99.915,12.283,103.915
9/5/2018,WD,10,18,8743,X8743,0.135,31.230,232.021,37.152,276.021
9/12/2018,WW,5,2,8746,X8746,0.140,7.420,52.924,8.822,62.924
9/19/2018,WW,5,94,8746,X8746,0.111,16.400,148.014,19.724,178.014
9/12/2018,WD,6,2,8746,X8746,0.128,6.900,53.822,7.926,61.822
9/19/2018,WD,6,94,8746,X8746,0.111,10.720,96.751,12.825,115.751
9/12/2018,WW,5,3,8749,X8749,0.180,10.010,55.611,16.130,89.611
8/28/2018,WW,5,54,8749,X8749,0.134,3.760,28.000,5.909,44.000
9/12/2018,WD,6,3,8749,X8749,0.171,8.630,50.586,9.142,53.586
8/28/2018,WD,6,54,8749,X8749,0.128,8.110,63.459,9.132,71.459
9/12/2018,WW,5,4,8750,X8750,0.105,16.580,157.605,29.204,277.605
9/12/2018,WD,6,4,8750,X8750,0.112,26.980,240.893,35.940,320.893
8/30/2018,WW,7,49,8750,X8750,0.095,21.230,222.537,26.954,282.537
8/30/2018,WD,8,49,8750,X8750,0.206,9.080,44.000,20.017,97.000
9/12/2018,WW,5,5,8751,X8751,0.114,2.740,24.000,3.768,33.000
9/12/2018,WD,6,5,8751,X8751,0.130,0.520,4.000,0.780,6.000
9/5/2018,WW,9,6,8751,X8751,0.115,4.500,39.000,5.423,47.000
9/5/2018,WD,10,6,8751,X8751,0.116,15.260,131.779,16.186,139.779
8/30/2018,WW,5,6,8933,X8933,0.213,28.350,133.099,34.740,163.099
8/30/2018,WD,6,6,8933,X8933,0.152,20.590,135.461,22.870,150.461
8/30/2018,WW,7,15,8933,X8933,0.205,27.200,132.425,30.486,148.425
8/30/2018,WD,8,15,8933,X8933,0.184,16.590,89.967,18.803,101.967
8/30/2018,WW,5,7,8934,X8934,0.063,0.820,13.000,1.072,17.000
8/28/2018,WW,5,49,8934,X8934,0.079,9.810,124.492,13.671,173.492
8/30/2018,WD,6,7,8934,X8934,0.071,6.610,92.577,11.822,165.577
8/28/2018,WD,6,49,8934,X8934,0.112,4.350,39.000,8.700,78.000
8/14/2018,WW,5,8,8937,X8937,0.133,15.360,115.489,26.133,196.489
8/14/2018,WD,6,8,8937,X8937,0.115,11.980,103.993,18.892,163.993
8/14/2018,WW,9,19,8937,X8937,0.134,11.050,82.217,19.920,148.217
8/14/2018,WD,10,19,8937,X8937,0.131,9.700,74.273,16.622,127.273
8/30/2018,WW,5,9,8939,X8939,0.179,8.750,49.000,13.750,77.000
8/30/2018,WD,6,9,8939,X8939,0.156,13.580,87.051,16.232,104.051
9/5/2018,WW,9,1,8939,X8939,0.178,13.730,77.000,19.436,109.000
9/5/2018,WD,10,1,8939,X8939,0.187,17.750,94.920,21.303,113.920
8/14/2018,WW,5,10,8972,X8972,0.128,24.410,191.002,30.928,242.002
8/14/2018,WD,6,10,8972,X8972,0.151,20.800,137.748,26.840,177.748
8/30/2018,WW,7,18,8972,X8972,0.153,31.530,205.541,37.206,242.541
8/30/2018,WD,8,18,8972,X8972,0.153,19.750,129.254,26.168,171.254
8/30/2018,WW,5,11,9080,X9080,0.140,0.840,6.000,1.400,10.000
8/30/2018,WD,6,11,9080,X9080,0.125,3.500,28.000,8.000,64.000
8/30/2018,WW,7,39,9080,X9080,0.087,0.610,7.000,1.569,18.000
8/30/2018,WD,8,39,9080,X9080,0.136,25.340,186.324,26.972,198.324
9/12/2018,WW,5,12,9090,X9090,0.074,9.670,130.676,11.372,153.676
9/12/2018,WD,6,12,9090,X9090,0.061,23.270,381.475,25.100,411.475
10/8/2018,WW,7,38,9090,X9090,0.081,3.250,40.000,4.144,51.000
10/8/2018,WD,8,38,9090,X9090,0.067,17.980,267.560,18.652,277.560
8/14/2018,WW,5,13,9115,X9115,0.103,1.650,16.000,7.013,68.000
8/14/2018,WD,6,13,9115,X9115,0.089,3.400,38.000,5.368,60.000
8/30/2018,WW,7,42,9115,X9115,0.110,0.220,2.000,1.870,17.000
8/14/2018,WD,8,42,9115,X9115,0.084,2.450,29.000,4.224,50.000
9/12/2018,WW,5,14,9118,X9118,0.105,18.530,177.151,21.459,205.151
9/12/2018,WW,5,61,9118,X9118,0.121,8.600,70.957,10.297,84.957
9/12/2018,WD,6,14,9118,X9118,0.099,17.640,178.543,21.098,213.543
9/12/2018,WD,6,61,9118,X9118,0.105,25.640,244.190,27.740,264.190
8/30/2018,WW,5,15,9122,X9122,0.067,1.270,19.000,2.741,41.000
8/30/2018,WD,6,15,9122,X9122,0.065,0.720,11.000,3.993,61.000
9/5/2018,WW,9,49,9122,X9122,0.061,0.730,12.000,2.677,44.000
9/5/2018,WD,10,49,9122,X9122,0.087,,6.000,3.120,36.000
8/14/2018,WW,5,16,9124,X9124,0.144,39.370,274.164,44.109,307.164
8/14/2018,WD,6,16,9124,X9124,0.120,10.430,86.917,24.830,206.917
8/14/2018,WW,7,62,9124,X9124,0.148,15.230,103.045,22.620,153.045
8/14/2018,WD,8,62,9124,X9124,0.131,11.580,88.532,19.559,149.532
8/30/2018,WW,5,17,9128,X9128,0.100,0.200,2.000,0.200,2.000
9/12/2018,WW,5,69,9128,X9128,0.083,36.800,443.373,39.954,481.373
8/30/2018,WD,6,17,9128,X9128,0.101,18.000,178.218,18.101,179.218
9/12/2018,WD,6,69,9128,X9128,0.109,7.870,72.335,8.958,82.335
9/12/2018,WW,5,18,9130,X9130,0.096,10.130,105.962,11.468,119.962
9/12/2018,WD,6,18,9130,X9130,0.093,16.090,173.758,17.479,188.758
9/26/2018,WW,9,61,9130,X9130,0.075,17.210,230.080,19.304,258.080
9/5/2018,WD,10,61,9130,X9130,0.064,7.990,125.629,8.181,128.629
8/30/2018,WW,5,19,9148,X9148,0.169,32.040,189.586,37.110,219.586
9/12/2018,WW,5,63,9148,X9148,0.205,35.920,175.391,37.354,182.391
8/30/2018,WD,6,19,9148,X9148,0.121,21.860,180.661,23.070,190.661
9/12/2018,WD,6,63,9148,X9148,0.181,31.180,172.265,33.895,187.265
8/28/2018,WW,5,20,9151,X9151,0.124,66.240,535.922,74.768,604.922
8/28/2018,WD,6,20,9151,X9151,0.141,36.190,257.031,39.428,280.031
9/6/2018,WW,9,82,9151,X9151,0.130,38.560,297.072,43.103,332.072
9/6/2018,WD,10,82,9151,X9151,0.165,13.880,84.223,13.880,84.223
8/28/2018,WW,5,21,9152,X9152,0.118,29.700,250.845,33.607,283.845
8/28/2018,WW,5,65,9152,X9152,0.120,34.500,287.022,36.423,303.022
8/28/2018,WD,6,21,9152,X9152,NA,NA,0.000,0.000,0.000
8/28/2018,WD,6,65,9152,X9152,0.126,1.010,8.000,1.010,8.000
9/12/2018,WW,5,22,9153,X9153,0.133,2.790,21.000,2.790,21.000
9/12/2018,WD,6,22,9153,X9153,0.086,0.600,7.000,0.600,7.000
9/13/2018,WW,7,13,9153,X9153,0.173,1.900,11.000,4.664,27.000
9/13/2018,WD,8,13,9153,X9153,0.058,9.000,154.110,11.862,203.110
8/30/2018,WW,5,23,9166,X9166,NA,,0.000,0.000,0.000
8/28/2018,WD,6,23,9166,X9166,0.065,7.620,116.514,8.078,123.514
9/6/2018,WW,9,50,9166,X9166,0.069,0.690,10.000,0.897,13.000
9/5/2018,WD,10,50,9166,X9166,NA,0.000,0.000,0.000,0.000
9/12/2018,WW,5,24,9171,X9171,0.136,37.760,278.056,38.439,283.056
9/12/2018,WW,5,89,9171,X9171,0.157,23.110,147.197,27.035,172.197
9/12/2018,WD,6,24,9171,X9171,0.127,9.720,76.535,9.974,78.535
9/12/2018,WD,6,89,9171,X9171,0.137,28.050,204.745,29.694,216.745
8/28/2018,WW,5,25,9176,X9176,0.225,23.210,103.339,27.927,124.339
8/28/2018,WD,6,25,9176,X9176,0.212,21.810,103.072,23.080,109.072
8/30/2018,WW,7,45,9176,X9176,0.227,20.700,91.189,28.872,127.189
8/30/2018,WD,8,45,9176,X9176,0.120,0.240,2.000,0.240,2.000
7/26/2018,WW,5,26,9177,X9177,0.196,23.640,120.735,28.339,144.735
7/26/2018,WD,6,26,9177,X9177,0.173,19.860,114.931,23.316,134.931
7/26/2018,WW,9,81,9177,X9177,0.195,21.020,108.016,27.053,139.016
7/26/2018,WD,10,81,9177,X9177,0.172,11.650,67.654,16.472,95.654
8/30/2018,WW,5,27,9179,X9179,NA,,0.000,NA,5.000
8/30/2018,WD,6,27,9179,X9179,NA,,0.000,NA,1.000
9/6/2018,WW,9,89,9179,X9179,0.105,6.450,61.195,33.854,321.195
9/6/2018,WD,10,89,9179,X9179,0.080,0.080,1.000,0.080,1.000
9/12/2018,WW,5,28,9185,X9185,0.177,23.270,131.618,24.861,140.618
9/12/2018,WD,6,28,9185,X9185,0.155,15.370,99.161,17.695,114.161
9/26/2018,WW,9,48,9185,X9185,0.157,11.400,72.611,13.441,85.611
9/20/2018,WD,10,48,9185,X9185,0.159,21.050,132.058,23.122,145.058
9/12/2018,WW,5,29,9186,X9186,0.141,5.350,38.000,7.039,50.000
9/12/2018,WD,6,29,9186,X9186,NA,0.000,0.000,0.000,0.000
8/30/2018,WW,7,87,9186,X9186,0.124,12.630,101.855,13.498,108.855
8/30/2018,WD,8,87,9186,X9186,0.132,1.320,10.000,1.584,12.000
8/28/2018,WW,5,30,9190,X9190,0.110,17.760,161.749,20.944,190.749
8/28/2018,WD,6,30,9190,X9190,0.111,14.380,130.018,16.924,153.018
8/30/2018,WW,7,70,9190,X9190,0.131,18.600,142.202,22.132,169.202
8/30/2018,WD,8,70,9190,X9190,0.097,31.130,320.267,39.878,410.267
8/28/2018,WW,5,31,9191,X9191,0.102,1.940,19.000,3.063,30.000
8/30/2018,WW,5,53,9191,X9191,0.128,22.300,174.491,47.860,374.491
8/28/2018,WD,6,31,9191,X9191,0.139,27.050,194.046,35.972,258.046
8/28/2018,WD,6,53,9191,X9191,0.106,2.220,21.000,3.277,31.000
8/28/2018,WD,6,32,9202,X9202,0.141,11.640,82.320,12.771,90.320
8/30/2018,WW,7,91,9202,X9202,0.095,21.680,229.175,24.896,263.175
8/30/2018,WD,8,91,9202,X9202,0.093,20.800,223.176,21.452,230.176
8/28/2018,WW,5,33,9234,X9234,0.176,26.350,150.057,37.237,212.057
8/28/2018,WD,6,33,9234,X9234,NA,,0.000,NA,2.000
9/6/2018,WW,9,34,9234,X9234,0.180,0.360,2.000,2.880,16.000
8/28/2018,WW,5,34,9246,X9246,0.173,27.190,157.168,27.882,161.168
8/28/2018,WD,6,34,9246,X9246,0.144,28.260,196.797,28.834,200.797
9/5/2018,WW,9,60,9246,X9246,0.133,33.850,253.748,34.917,261.748
9/5/2018,WD,10,60,9246,X9246,0.152,24.620,162.401,25.984,171.401
8/30/2018,WW,5,35,9250,X9250,0.100,0.200,2.000,0.500,5.000
8/28/2018,WW,5,86,9250,X9250,0.178,14.670,82.508,19.115,107.508
8/30/2018,WD,6,35,9250,X9250,0.109,1.520,14.000,1.846,17.000
8/28/2018,WD,6,86,9250,X9250,0.133,9.110,68.703,9.906,74.703
8/28/2018,WW,5,36,9251,X9251,0.114,18.570,163.181,21.187,186.181
8/30/2018,WD,6,36,9251,X9251,NA,,0.000,NA,9.000
9/6/2018,WW,9,93,9251,X9251,0.132,8.570,65.023,10.811,82.023
9/6/2018,WD,10,93,9251,X9251,0.140,11.880,84.736,14.544,103.736
8/28/2018,WW,5,37,9252,X9252,0.138,23.550,170.405,24.379,176.405
8/28/2018,WD,6,37,9252,X9252,0.172,16.970,98.434,18.522,107.434
8/30/2018,WW,7,28,9252,X9252,0.145,17.640,121.823,19.667,135.823
8/30/2018,WD,8,28,9252,X9252,0.170,20.550,120.882,25.820,151.882
8/28/2018,WW,5,38,9256,X9256,0.210,8.620,41.000,14.297,68.000
8/28/2018,WD,6,38,9256,X9256,0.174,12.400,71.264,15.358,88.264
8/30/2018,WW,7,11,9256,X9256,0.215,12.900,59.889,23.670,109.889
8/30/2018,WD,8,11,9256,X9256,0.222,18.730,84.445,20.283,91.445
8/28/2018,WW,5,39,9259,X9259,0.226,17.500,77.297,18.632,82.297
8/28/2018,WD,6,39,9259,X9259,0.212,12.580,59.396,12.580,59.396
9/6/2018,WW,9,83,9259,X9259,0.227,11.580,51.058,12.941,57.058
9/6/2018,WD,10,83,9259,X9259,0.214,14.320,66.978,14.748,68.978
9/12/2018,WW,5,40,9267,X9267,0.034,10.800,317.647,12.466,366.647
9/12/2018,WD,6,40,9267,X9267,0.029,12.500,431.034,13.950,481.034
9/26/2018,WW,9,71,9267,X9267,0.025,16.590,658.333,18.354,728.333
9/26/2018,WD,10,71,9267,X9267,0.029,15.240,532.867,16.670,582.867
8/28/2018,WW,5,41,9389,X9389,0.099,16.050,162.121,16.644,168.121
8/28/2018,WW,5,62,9389,X9389,0.113,18.700,165.780,20.279,179.780
8/28/2018,WD,6,41,9389,X9389,0.099,13.160,133.198,13.753,139.198
8/28/2018,WD,6,62,9389,X9389,0.105,14.030,133.619,14.555,138.619
8/30/2018,WW,5,42,9391,X9391,0.262,12.310,47.000,13.358,51.000
8/30/2018,WD,6,42,9391,X9391,0.278,12.780,46.000,13.613,49.000
9/5/2018,WW,9,3,9391,X9391,0.310,16.590,53.447,19.384,62.447
9/5/2018,WD,10,3,9391,X9391,0.254,18.990,74.764,22.292,87.764
9/12/2018,WW,5,43,9421,X9421,0.175,13.720,78.400,16.170,92.400
9/19/2018,WW,5,95,9421,X9421,0.129,33.520,259.845,37.132,287.845
9/12/2018,WD,6,43,9421,X9421,0.110,22.590,204.991,24.243,219.991
9/19/2018,WD,6,95,9421,X9421,0.148,21.350,144.062,23.128,156.062
8/28/2018,WD,6,44,9429,X9429,0.108,1.400,13.000,1.831,17.000
9/5/2018,WW,9,44,9429,X9429,0.125,30.970,248.555,33.213,266.555
9/5/2018,WD,10,44,9429,X9429,0.107,12.040,112.734,14.176,132.734
9/12/2018,WW,5,45,9433,X9433,0.065,2.290,35.000,4.057,62.000
9/19/2018,WD,8,97,9433,X9433,0.116,2.430,21.000,2.777,24.000
9/12/2018,WW,5,46,9436,X9436,0.070,6.880,98.567,9.672,138.567
9/12/2018,WD,6,46,9436,X9436,0.083,5.570,67.108,6.815,82.108
9/20/2018,WD,10,43,9436,X9436,0.087,20.250,232.225,25.656,294.225
8/28/2018,WW,5,47,9437,X9437,NA,0.000,0.000,NA,2.000
8/28/2018,WD,6,47,9437,X9437,NA,0.000,0.000,NA,8.000
8/30/2018,WW,7,73,9437,X9437,0.103,0.310,3.000,0.723,7.000
8/30/2018,WD,8,73,9437,X9437,0.169,1.690,10.000,2.535,15.000
